{
	"class_name" : "PinholeCameraParameters",
	"extrinsic" : 
	[
		-0.98451837991542068,
		0.021793298456245731,
		0.17392128032852297,
		0.0,
		0.07234333329751795,
		0.95430828668283196,
		0.2899347100570786,
		0.0,
		-0.1596558853788983,
		0.29802809617697962,
		-0.94111064819871482,
		0.0,
		-0.0048576093661099572,
		0.013180927498564483,
		0.14040502676006755,
		1.0
	],
	"intrinsic" : 
	{
		"height" : 720,
		"intrinsic_matrix" : 
		[
			623.53829072479584,
			0.0,
			0.0,
			0.0,
			623.53829072479584,
			0.0,
			639.5,
			359.5,
			1.0
		],
		"width" : 1280
	},
	"version_major" : 1,
	"version_minor" : 0
}