{
	"class_name" : "PinholeCameraParameters",
	"extrinsic" : 
	[
		-0.70442948212516177,
		-0.022099216680311867,
		-0.70942986216749648,
		0.0,
		0.62256808375133876,
		0.46077175780143276,
		-0.63253329422787219,
		0.0,
		0.3408637349543987,
		-0.88724349072545716,
		-0.31082294374489633,
		0.0,
		-0.0,
		-5.5511151231257827e-17,
		0.98969362265577121,
		1.0
	],
	"intrinsic" : 
	{
		"height" : 720,
		"intrinsic_matrix" : 
		[
			623.53829072479584,
			0.0,
			0.0,
			0.0,
			623.53829072479584,
			0.0,
			639.5,
			359.5,
			1.0
		],
		"width" : 1280
	},
	"version_major" : 1,
	"version_minor" : 0
}